id,label,text
h01,human,"When I was thirteen, I started repairing old radios with my grandfather. I did not understand every circuit, but I liked the moment when a silent speaker suddenly made a sound. That habit changed how I approached school projects."
h02,human,"My first debate was a disaster. I spoke too quickly, forgot an example, and watched the timer turn red. On the bus home I wrote down what I should have said. The next week I tried again."
h03,human,"Our community garden has one stubborn corner where nothing grows well. I spent several weekends testing the soil and asking neighbors what had worked before. The eventual solution was simple: more compost and less water."
h04,human,"I used to think leadership meant having the best answer. During a robotics competition, our motor failed minutes before judging. My teammate had a different idea, and listening to her saved the project."
h05,human,"The library closes early on Fridays, which used to annoy me because that was when I had time to study. Eventually I began arriving earlier. It was a small change, but it taught me that planning matters more than complaining."
a01,machine,"In today's rapidly evolving world, technology plays a crucial role in shaping the future of education. Moreover, it is important to recognize that digital tools can foster a sense of collaboration and innovation. Ultimately, thoughtful integration can pave the way for meaningful outcomes."
a02,machine,"Furthermore, effective leadership is essential for creating a positive and productive environment. It not only encourages individuals to achieve their potential, but also promotes collaboration and mutual understanding. Consequently, organizations can benefit from a culture of continuous improvement."
a03,machine,"Education plays a significant role in empowering students to become confident and responsible citizens. Additionally, a wide range of learning opportunities can foster critical thinking and creativity. Therefore, institutions should strive to create inclusive environments that support holistic development."
a04,machine,"In conclusion, community engagement is an important component of personal growth. By participating in meaningful activities, students can develop valuable skills and cultivate a strong sense of responsibility. Moreover, these experiences can contribute to a more balanced and fulfilling educational journey."
a05,machine,"Technology has transformed the way individuals communicate, learn, and collaborate. However, it is important to consider both the opportunities and challenges associated with this transformation. Ultimately, responsible use of technology can contribute to sustainable progress and positive social impact."
